Date ,Day,Month,Quarter,Year,series ,OPEN ,HIGH ,LOW ,PREV. CLOSE ,ltp ,close ,vwap ,52W H ,52W L ,VOLUME,No of trades 
28-Mar-25,Friday,March,Q1,2025,EQ,2376.00 ,2386.95 ,2293.70 ,2363.35 ,2316.65 ,2315.80 ,2330.66 ,3743.90 ,2025.00 ,1838836,70667.00 
27-Mar-25,Thursday,March,Q1,2025,EQ,2310.00 ,2373.90 ,2291.60 ,2312.60 ,2363.00 ,2363.35 ,2332.26 ,3743.90 ,2025.00 ,1696042,81185.00 
26-Mar-25,Wednesday,March,Q1,2025,EQ,2324.90 ,2359.85 ,2308.05 ,2320.35 ,2314.00 ,2312.60 ,2332.77 ,3743.90 ,2025.00 ,1078870,58779.00 
25-Mar-25,Tuesday,March,Q1,2025,EQ,2385.00 ,2387.65 ,2315.10 ,2368.70 ,2319.50 ,2320.35 ,2339.21 ,3743.90 ,2025.00 ,763065,46534.00 
24-Mar-25,Monday,March,Q1,2025,EQ,2370.00 ,2395.00 ,2361.10 ,2362.80 ,2370.00 ,2368.70 ,2376.20 ,3743.90 ,2025.00 ,1010184,39593.00 
21-Mar-25,Friday,March,Q1,2025,EQ,2343.80 ,2389.55 ,2338.00 ,2339.30 ,2365.00 ,2362.80 ,2365.79 ,3743.90 ,2025.00 ,1101418,55299.00 
20-Mar-25,Thursday,March,Q1,2025,EQ,2348.00 ,2348.00 ,2299.00 ,2318.65 ,2338.05 ,2339.30 ,2330.01 ,3743.90 ,2025.00 ,2587051,55254.00 
19-Mar-25,Wednesday,March,Q1,2025,EQ,2319.95 ,2342.00 ,2311.05 ,2308.50 ,2316.90 ,2318.65 ,2324.68 ,3743.90 ,2025.00 ,1030345,42002.00 
18-Mar-25,Tuesday,March,Q1,2025,EQ,2274.00 ,2314.20 ,2259.75 ,2252.70 ,2304.55 ,2308.50 ,2291.19 ,3743.90 ,2025.00 ,878007,47968.00 
17-Mar-25,Monday,March,Q1,2025,EQ,2200.00 ,2286.90 ,2198.00 ,2221.10 ,2251.00 ,2252.70 ,2255.72 ,3743.90 ,2025.00 ,927737,52613.00 
13-Mar-25,Thursday,March,Q1,2025,EQ,2249.00 ,2273.00 ,2215.60 ,2241.80 ,2222.45 ,2221.10 ,2237.90 ,3743.90 ,2025.00 ,750310,52311.00 
12-Mar-25,Wednesday,March,Q1,2025,EQ,2270.00 ,2280.00 ,2180.95 ,2250.60 ,2236.00 ,2241.80 ,2230.69 ,3743.90 ,2025.00 ,1049076,56794.00 
11-Mar-25,Tuesday,March,Q1,2025,EQ,2223.15 ,2267.85 ,2208.30 ,2228.30 ,2252.65 ,2250.60 ,2251.19 ,3743.90 ,2025.00 ,947079,54661.00 
10-Mar-25,Monday,March,Q1,2025,EQ,2245.00 ,2288.00 ,2220.00 ,2247.50 ,2224.40 ,2228.30 ,2258.17 ,3743.90 ,2025.00 ,940113,57381.00 
07-Mar-25,Friday,March,Q1,2025,EQ,2249.95 ,2267.65 ,2227.00 ,2252.85 ,2249.50 ,2247.50 ,2247.94 ,3743.90 ,2025.00 ,818806,44934.00 
06-Mar-25,Thursday,March,Q1,2025,EQ,2260.00 ,2268.90 ,2226.15 ,2245.85 ,2251.00 ,2252.85 ,2250.92 ,3743.90 ,2025.00 ,890270,81763.00 
05-Mar-25,Wednesday,March,Q1,2025,EQ,2153.95 ,2258.40 ,2148.05 ,2144.80 ,2242.00 ,2245.85 ,2219.60 ,3743.90 ,2025.00 ,1370106,81480.00 
04-Mar-25,Tuesday,March,Q1,2025,EQ,2085.10 ,2154.00 ,2080.00 ,2117.10 ,2147.60 ,2144.80 ,2133.91 ,3743.90 ,2025.00 ,852978,56864.00 
03-Mar-25,Monday,March,Q1,2025,EQ,2109.00 ,2127.25 ,2026.55 ,2096.00 ,2122.00 ,2117.10 ,2078.96 ,3743.90 ,2025.00 ,1592611,"1,05,782"
28-Feb-25,Friday,February,Q1,2025,EQ,2107.00 ,2111.35 ,2072.00 ,2110.95 ,2097.55 ,2096.00 ,2093.84 ,3743.90 ,2025.00 ,2373922,99109.00 
27-Feb-25,Thursday,February,Q1,2025,EQ,2143.75 ,2149.10 ,2102.50 ,2129.85 ,2108.00 ,2110.95 ,2122.60 ,3743.90 ,2025.00 ,941950,63169.00 
25-Feb-25,Tuesday,February,Q1,2025,EQ,2115.15 ,2158.30 ,2102.00 ,2115.15 ,2130.00 ,2129.85 ,2137.55 ,3743.90 ,2025.00 ,802131,56102.00 
24-Feb-25,Monday,February,Q1,2025,EQ,2128.95 ,2138.50 ,2096.70 ,2133.10 ,2114.90 ,2115.15 ,2116.22 ,3743.90 ,2025.00 ,1032294,73399.00 
21-Feb-25,Friday,February,Q1,2025,EQ,2190.45 ,2199.60 ,2116.85 ,2179.00 ,2125.00 ,2133.10 ,2152.24 ,3743.90 ,2025.00 ,1540308,85375.00 
20-Feb-25,Thursday,February,Q1,2025,EQ,2180.80 ,2216.35 ,2156.80 ,2180.80 ,2178.00 ,2179.00 ,2187.58 ,3743.90 ,2025.00 ,1086670,74127.00 
19-Feb-25,Wednesday,February,Q1,2025,EQ,2166.00 ,2219.40 ,2127.00 ,2220.30 ,2177.00 ,2180.80 ,2187.51 ,3743.90 ,2025.00 ,1203163,77627.00 
18-Feb-25,Tuesday,February,Q1,2025,EQ,2240.00 ,2240.00 ,2166.05 ,2223.70 ,2213.05 ,2220.30 ,2199.31 ,3743.90 ,2025.00 ,1138090,75933.00 
17-Feb-25,Monday,February,Q1,2025,EQ,2152.65 ,2240.40 ,2110.65 ,2152.65 ,2237.30 ,2223.70 ,2180.52 ,3743.90 ,2025.00 ,1400160,"1,01,955"
14-Feb-25,Friday,February,Q1,2025,EQ,2245.70 ,2249.30 ,2124.55 ,2244.70 ,2149.00 ,2152.65 ,2173.43 ,3743.90 ,2025.00 ,2550043,"1,51,036"
13-Feb-25,Thursday,February,Q1,2025,EQ,2354.00 ,2372.75 ,2233.40 ,2353.45 ,2237.45 ,2244.70 ,2296.20 ,3743.90 ,2025.00 ,2551940,"1,33,317"
12-Feb-25,Wednesday,February,Q1,2025,EQ,2325.00 ,2378.45 ,2281.00 ,2321.75 ,2357.00 ,2353.45 ,2330.04 ,3743.90 ,2025.00 ,1933098,"1,17,486"
11-Feb-25,Tuesday,February,Q1,2025,EQ,2312.00 ,2397.00 ,2306.00 ,2290.80 ,2321.00 ,2321.75 ,2356.84 ,3743.90 ,2025.00 ,4895456,"2,17,468"
10-Feb-25,Monday,February,Q1,2025,EQ,2350.00 ,2350.95 ,2280.10 ,2338.80 ,2287.00 ,2290.80 ,2299.96 ,3743.90 ,2025.00 ,739708,48267.00 
07-Feb-25,Friday,February,Q1,2025,EQ,2312.45 ,2374.90 ,2307.35 ,2312.45 ,2340.00 ,2338.80 ,2340.71 ,3743.90 ,2025.00 ,892900,65292.00 
06-Feb-25,Thursday,February,Q1,2025,EQ,2340.00 ,2340.00 ,2298.20 ,2324.60 ,2309.00 ,2312.45 ,2313.94 ,3743.90 ,2025.00 ,680544,56800.00 
05-Feb-25,Wednesday,February,Q1,2025,EQ,2314.95 ,2349.40 ,2309.05 ,2301.50 ,2326.80 ,2324.60 ,2325.60 ,3743.90 ,2025.00 ,560940,43537.00 
04-Feb-25,Tuesday,February,Q1,2025,EQ,2278.90 ,2312.00 ,2267.55 ,2261.85 ,2303.25 ,2301.50 ,2295.26 ,3743.90 ,2025.00 ,691187,55343.00 
03-Feb-25,Monday,February,Q1,2025,EQ,2266.75 ,2279.00 ,2213.90 ,2270.00 ,2266.90 ,2261.85 ,2247.60 ,3743.90 ,2025.00 ,824942,63131.00 
01-Feb-25,Saturday,February,Q1,2025,EQ,2297.00 ,2351.45 ,2237.55 ,2287.80 ,2269.95 ,2270.00 ,2290.99 ,3743.90 ,2025.00 ,987362,60333.00 
31-Jan-25,Friday,January,Q1,2025,EQ,2238.85 ,2314.95 ,2213.75 ,2252.60 ,2297.00 ,2287.80 ,2280.98 ,3743.90 ,2025.00 ,2013345,96876.00 
30-Jan-25,Thursday,January,Q1,2025,EQ,2325.00 ,2351.50 ,2201.30 ,2318.60 ,2247.90 ,2252.60 ,2267.93 ,3743.90 ,2025.00 ,2601625,"1,46,148"
29-Jan-25,Wednesday,January,Q1,2025,EQ,2297.00 ,2326.25 ,2282.60 ,2286.05 ,2321.80 ,2318.60 ,2311.65 ,3743.90 ,2025.00 ,785220,54577.00 
28-Jan-25,Tuesday,January,Q1,2025,EQ,2274.20 ,2315.85 ,2242.00 ,2259.70 ,2293.50 ,2286.05 ,2280.67 ,3743.90 ,2025.00 ,966497,68907.00 
27-Jan-25,Monday,January,Q1,2025,EQ,2310.05 ,2318.10 ,2250.05 ,2315.10 ,2259.05 ,2259.70 ,2283.92 ,3743.90 ,2025.00 ,1032995,70412.00 
24-Jan-25,Friday,January,Q1,2025,EQ,2387.75 ,2406.00 ,2299.40 ,2385.00 ,2314.05 ,2315.10 ,2350.05 ,3743.90 ,2025.00 ,1388583,82631.00 
23-Jan-25,Thursday,January,Q1,2025,EQ,2383.00 ,2405.15 ,2355.00 ,2376.55 ,2376.30 ,2385.00 ,2383.47 ,3743.90 ,2025.00 ,826721,57688.00 
22-Jan-25,Wednesday,January,Q1,2025,EQ,2399.00 ,2399.00 ,2325.15 ,2384.30 ,2377.00 ,2376.55 ,2350.04 ,3743.90 ,2025.00 ,1147334,70492.00 
21-Jan-25,Tuesday,January,Q1,2025,EQ,2441.75 ,2441.75 ,2373.65 ,2442.80 ,2375.00 ,2384.30 ,2398.89 ,3743.90 ,2025.00 ,1206512,75686.00 
20-Jan-25,Monday,January,Q1,2025,EQ,2413.75 ,2454.00 ,2390.00 ,2399.80 ,2434.10 ,2442.80 ,2424.85 ,3743.90 ,2025.00 ,1039435,62157.00 
17-Jan-25,Friday,January,Q1,2025,EQ,2450.00 ,2450.00 ,2380.05 ,2427.85 ,2399.50 ,2399.80 ,2404.16 ,3743.90 ,2025.00 ,1122205,72852.00 
16-Jan-25,Thursday,January,Q1,2025,EQ,2500.00 ,2570.00 ,2418.85 ,2388.15 ,2433.00 ,2427.85 ,2461.44 ,3743.90 ,2025.00 ,2841803,"1,69,165"
15-Jan-25,Wednesday,January,Q1,2025,EQ,2399.00 ,2421.95 ,2372.65 ,2380.55 ,2377.70 ,2388.15 ,2394.10 ,3743.90 ,2025.00 ,1421437,89565.00 
14-Jan-25,Tuesday,January,Q1,2025,EQ,2241.50 ,2422.90 ,2241.50 ,2225.15 ,2382.00 ,2380.55 ,2370.68 ,3743.90 ,2025.00 ,4120705,"2,39,191"
13-Jan-25,Monday,January,Q1,2025,EQ,2365.00 ,2365.00 ,2216.90 ,2374.40 ,2227.00 ,2225.15 ,2280.87 ,3743.90 ,2025.00 ,1559903,"1,04,906"
10-Jan-25,Friday,January,Q1,2025,EQ,2480.00 ,2484.60 ,2368.25 ,2477.90 ,2380.10 ,2374.40 ,2407.11 ,3743.90 ,2025.00 ,1418808,"1,08,945"
09-Jan-25,Thursday,January,Q1,2025,EQ,2517.00 ,2517.55 ,2469.50 ,2515.25 ,2484.85 ,2477.90 ,2487.61 ,3743.90 ,2025.00 ,705838,60127.00 
08-Jan-25,Wednesday,January,Q1,2025,EQ,2520.55 ,2530.00 ,2490.00 ,2520.55 ,2511.20 ,2515.25 ,2509.14 ,3743.90 ,2025.00 ,879641,74141.00 
07-Jan-25,Tuesday,January,Q1,2025,EQ,2474.65 ,2525.00 ,2474.65 ,2474.45 ,2524.80 ,2520.55 ,2510.58 ,3743.90 ,2025.00 ,1019131,69952.00 
06-Jan-25,Monday,January,Q1,2025,EQ,2557.65 ,2568.85 ,2463.50 ,2564.60 ,2472.00 ,2474.45 ,2497.27 ,3743.90 ,2025.00 ,1121398,88877.00 
03-Jan-25,Friday,January,Q1,2025,EQ,2580.00 ,2619.00 ,2556.60 ,2597.70 ,2562.00 ,2564.60 ,2589.16 ,3743.90 ,2025.00 ,932795,52144.00 
02-Jan-25,Thursday,January,Q1,2025,EQ,2565.70 ,2602.00 ,2537.00 ,2554.85 ,2587.85 ,2597.70 ,2569.89 ,3743.90 ,2025.00 ,1167236,73015.00 
01-Jan-25,Wednesday,January,Q1,2025,EQ,2536.00 ,2644.20 ,2518.25 ,2528.65 ,2545.90 ,2554.85 ,2561.31 ,3743.90 ,2025.00 ,2875721,"1,40,672"
31-Dec-24,Tuesday,December,Q4,2024,EQ,2575.00 ,2577.75 ,2507.45 ,2592.35 ,2530.00 ,2528.65 ,2531.14 ,3743.90 ,2025.00 ,2745674,"1,24,232"
30-Dec-24,Monday,December,Q4,2024,EQ,2425.00 ,2610.00 ,2421.95 ,2409.95 ,2585.00 ,2592.35 ,2549.07 ,3743.90 ,2025.00 ,7825097,"3,38,992"
27-Dec-24,Friday,December,Q4,2024,EQ,2415.00 ,2446.15 ,2390.50 ,2400.25 ,2420.00 ,2409.95 ,2421.00 ,3743.90 ,2025.00 ,1982291,73559.00 
26-Dec-24,Thursday,December,Q4,2024,EQ,2378.05 ,2410.00 ,2368.00 ,2372.45 ,2401.00 ,2400.25 ,2389.27 ,3743.90 ,2025.00 ,895785,63476.00 
24-Dec-24,Tuesday,December,Q4,2024,EQ,2355.20 ,2412.90 ,2340.00 ,2338.95 ,2372.00 ,2372.45 ,2381.05 ,3743.90 ,2025.00 ,1156186,70017.00 
23-Dec-24,Monday,December,Q4,2024,EQ,2373.95 ,2379.50 ,2332.75 ,2344.95 ,2346.00 ,2338.95 ,2351.63 ,3743.90 ,2025.00 ,758920,54920.00 
20-Dec-24,Friday,December,Q4,2024,EQ,2429.00 ,2453.85 ,2333.00 ,2419.35 ,2349.20 ,2344.95 ,2403.77 ,3743.90 ,2025.00 ,1337016,75322.00 
19-Dec-24,Thursday,December,Q4,2024,EQ,2429.00 ,2434.00 ,2397.10 ,2457.40 ,2421.95 ,2419.35 ,2417.59 ,3743.90 ,2025.00 ,1181898,74211.00 
18-Dec-24,Wednesday,December,Q4,2024,EQ,2489.00 ,2496.60 ,2452.00 ,2487.60 ,2459.55 ,2457.40 ,2469.89 ,3743.90 ,2025.00 ,990217,56893.00 
17-Dec-24,Tuesday,December,Q4,2024,EQ,2512.00 ,2525.00 ,2480.75 ,2512.40 ,2488.85 ,2487.60 ,2503.41 ,3743.90 ,2025.00 ,1061891,52797.00 
16-Dec-24,Monday,December,Q4,2024,EQ,2530.00 ,2537.50 ,2503.00 ,2527.55 ,2507.00 ,2512.40 ,2518.05 ,3743.90 ,2025.00 ,654321,39040.00 
13-Dec-24,Friday,December,Q4,2024,EQ,2504.00 ,2545.00 ,2479.05 ,2504.10 ,2527.00 ,2527.55 ,2516.13 ,3743.90 ,2025.00 ,1940935,86754.00 
12-Dec-24,Thursday,December,Q4,2024,EQ,2457.00 ,2534.80 ,2446.25 ,2457.25 ,2504.00 ,2504.10 ,2500.62 ,3743.90 ,2025.00 ,2579624,"1,36,426"
11-Dec-24,Wednesday,December,Q4,2024,EQ,2469.00 ,2480.00 ,2451.00 ,2467.20 ,2455.00 ,2457.25 ,2461.57 ,3743.90 ,2025.00 ,712674,43901.00 
10-Dec-24,Tuesday,December,Q4,2024,EQ,2501.00 ,2501.00 ,2455.00 ,2495.85 ,2467.50 ,2467.20 ,2473.87 ,3743.90 ,2025.00 ,1119844,56796.00 
09-Dec-24,Monday,December,Q4,2024,EQ,2507.90 ,2526.00 ,2483.15 ,2506.40 ,2494.80 ,2495.85 ,2503.59 ,3743.90 ,2025.00 ,958369,53488.00 
06-Dec-24,Friday,December,Q4,2024,EQ,2520.00 ,2535.00 ,2502.50 ,2522.55 ,2504.90 ,2506.40 ,2517.43 ,3743.90 ,2025.00 ,1240437,56172.00 
05-Dec-24,Thursday,December,Q4,2024,EQ,2505.00 ,2538.15 ,2470.25 ,2494.75 ,2520.90 ,2522.55 ,2504.40 ,3743.90 ,2025.00 ,3333144,"1,60,996"
04-Dec-24,Wednesday,December,Q4,2024,EQ,2528.00 ,2530.05 ,2470.10 ,2514.20 ,2485.00 ,2494.75 ,2496.08 ,3743.90 ,2025.00 ,2344949,"1,10,526"
03-Dec-24,Tuesday,December,Q4,2024,EQ,2464.00 ,2558.00 ,2462.05 ,2457.05 ,2511.00 ,2514.20 ,2510.57 ,3743.90 ,2025.00 ,4070042,"1,60,160"
02-Dec-24,Monday,December,Q4,2024,EQ,2491.35 ,2508.00 ,2426.60 ,2463.15 ,2452.10 ,2457.05 ,2456.14 ,3743.90 ,2025.00 ,3807565,"1,54,130"
29-Nov-24,Friday,November,Q4,2024,EQ,2464.05 ,2520.00 ,2400.00 ,2437.10 ,2457.00 ,2463.15 ,2460.36 ,3743.90 ,2025.00 ,8191680,"3,15,730"
28-Nov-24,Thursday,November,Q4,2024,EQ,2440.00 ,2526.30 ,2400.00 ,2397.80 ,2437.00 ,2437.10 ,2467.73 ,3743.90 ,2025.00 ,14445549,"5,90,705"
27-Nov-24,Wednesday,November,Q4,2024,EQ,2180.00 ,2418.00 ,2142.15 ,2150.50 ,2399.00 ,2397.80 ,2324.71 ,3743.90 ,2025.00 ,17502156,"6,20,492"
26-Nov-24,Tuesday,November,Q4,2024,EQ,2265.60 ,2292.85 ,2136.00 ,2257.50 ,2166.85 ,2150.50 ,2189.62 ,3743.90 ,2025.00 ,7723187,"3,16,539"
25-Nov-24,Monday,November,Q4,2024,EQ,2315.00 ,2333.65 ,2238.00 ,2228.00 ,2265.20 ,2257.50 ,2295.02 ,3743.90 ,2025.00 ,7466733,"2,52,789"
22-Nov-24,Friday,November,Q4,2024,EQ,2101.00 ,2289.70 ,2025.00 ,2183.65 ,2229.90 ,2228.00 ,2188.51 ,3743.90 ,2025.00 ,20939196,"7,11,465"
21-Nov-24,Thursday,November,Q4,2024,EQ,2539.35 ,2539.35 ,2155.05 ,2821.50 ,2160.00 ,2183.65 ,2254.30 ,3743.90 ,2142.00 ,21796668,"7,92,663"
19-Nov-24,Tuesday,November,Q4,2024,EQ,2831.00 ,2894.80 ,2809.80 ,2818.70 ,2817.00 ,2821.50 ,2858.60 ,3743.90 ,2142.00 ,536296,44585.00 
18-Nov-24,Monday,November,Q4,2024,EQ,2826.80 ,2858.65 ,2793.30 ,2826.80 ,2820.00 ,2818.70 ,2825.41 ,3743.90 ,2142.00 ,489692,42870.00 
14-Nov-24,Thursday,November,Q4,2024,EQ,2824.00 ,2844.80 ,2801.00 ,2816.70 ,2820.00 ,2826.80 ,2823.39 ,3743.90 ,2142.00 ,646797,66067.00 
13-Nov-24,Wednesday,November,Q4,2024,EQ,2860.00 ,2889.00 ,2808.00 ,2870.00 ,2817.00 ,2816.70 ,2840.32 ,3743.90 ,2142.00 ,890146,67503.00 
12-Nov-24,Tuesday,November,Q4,2024,EQ,2910.00 ,2930.45 ,2855.00 ,2903.65 ,2860.00 ,2870.00 ,2895.50 ,3743.90 ,2142.00 ,597231,53386.00 
11-Nov-24,Monday,November,Q4,2024,EQ,2928.00 ,2946.80 ,2888.00 ,2929.10 ,2903.00 ,2903.65 ,2915.81 ,3743.90 ,2142.00 ,584144,44808.00 
08-Nov-24,Friday,November,Q4,2024,EQ,2965.10 ,2995.00 ,2911.25 ,2970.10 ,2920.00 ,2929.10 ,2947.35 ,3743.90 ,2142.00 ,835641,49840.00 
07-Nov-24,Thursday,November,Q4,2024,EQ,3045.00 ,3045.00 ,2943.05 ,3046.25 ,2962.65 ,2970.10 ,2968.25 ,3743.90 ,2142.00 ,1285585,84570.00 
06-Nov-24,Wednesday,November,Q4,2024,EQ,2918.00 ,3070.00 ,2918.00 ,2915.55 ,3046.25 ,3046.25 ,3010.70 ,3743.90 ,2142.00 ,1676755,99615.00 
05-Nov-24,Tuesday,November,Q4,2024,EQ,2897.40 ,2924.00 ,2870.00 ,2897.40 ,2917.55 ,2915.55 ,2898.85 ,3743.90 ,2142.00 ,752303,59721.00 
04-Nov-24,Monday,November,Q4,2024,EQ,2935.00 ,2943.00 ,2857.75 ,2949.50 ,2890.00 ,2897.40 ,2895.82 ,3743.90 ,2142.00 ,1059384,87457.00 
01-Nov-24,Friday,November,Q4,2024,EQ,2960.00 ,2975.60 ,2928.40 ,2947.25 ,2941.05 ,2949.50 ,2957.08 ,3743.90 ,2142.00 ,304673,13462.00 
31-Oct-24,Thursday,October,Q4,2024,EQ,2967.90 ,2976.50 ,2933.85 ,2969.30 ,2948.95 ,2947.25 ,2950.81 ,3743.90 ,2142.00 ,1156390,82267.00 
30-Oct-24,Wednesday,October,Q4,2024,EQ,2864.00 ,2997.15 ,2815.05 ,2848.60 ,2955.00 ,2969.30 ,2944.04 ,3743.90 ,2142.00 ,2884272,"1,45,520"
29-Oct-24,Tuesday,October,Q4,2024,EQ,2803.00 ,2863.05 ,2732.85 ,2798.65 ,2842.00 ,2848.60 ,2808.68 ,3743.90 ,2142.00 ,1529844,"1,00,647"
28-Oct-24,Monday,October,Q4,2024,EQ,2701.10 ,2822.40 ,2672.10 ,2693.45 ,2803.00 ,2798.65 ,2777.60 ,3743.90 ,2142.00 ,1385033,89897.00 
25-Oct-24,Friday,October,Q4,2024,EQ,2845.00 ,2847.00 ,2654.70 ,2830.20 ,2691.50 ,2693.45 ,2716.52 ,3743.90 ,2142.00 ,1954174,"1,25,219"
24-Oct-24,Thursday,October,Q4,2024,EQ,2841.05 ,2875.15 ,2807.90 ,2835.55 ,2828.15 ,2830.20 ,2837.19 ,3743.90 ,2142.00 ,942066,63401.00 
23-Oct-24,Wednesday,October,Q4,2024,EQ,2840.85 ,2879.00 ,2820.10 ,2823.80 ,2829.90 ,2835.55 ,2850.63 ,3743.90 ,2142.00 ,1270530,74396.00 
22-Oct-24,Tuesday,October,Q4,2024,EQ,2938.00 ,2955.00 ,2818.00 ,2937.65 ,2840.90 ,2823.80 ,2860.67 ,3743.90 ,2142.00 ,1209732,99927.00 
21-Oct-24,Monday,October,Q4,2024,EQ,3005.15 ,3014.95 ,2916.95 ,3002.00 ,2932.00 ,2937.65 ,2949.20 ,3743.90 ,2142.00 ,1051690,69473.00 
18-Oct-24,Friday,October,Q4,2024,EQ,2990.00 ,3031.70 ,2968.10 ,3013.75 ,2999.95 ,3002.00 ,3001.38 ,3743.90 ,2142.00 ,796339,47617.00 
17-Oct-24,Thursday,October,Q4,2024,EQ,3089.95 ,3100.00 ,2993.00 ,3085.90 ,3005.00 ,3013.75 ,3032.31 ,3743.90 ,2142.00 ,2655289,68030.00 
16-Oct-24,Wednesday,October,Q4,2024,EQ,3098.00 ,3115.40 ,3061.00 ,3104.70 ,3078.00 ,3085.90 ,3089.06 ,3743.90 ,2142.00 ,543476,44391.00 
15-Oct-24,Tuesday,October,Q4,2024,EQ,3124.00 ,3128.00 ,3091.50 ,3101.10 ,3103.25 ,3104.70 ,3107.21 ,3743.90 ,2142.00 ,371613,35471.00 
14-Oct-24,Monday,October,Q4,2024,EQ,3145.00 ,3150.10 ,3092.85 ,3137.20 ,3098.85 ,3101.10 ,3120.61 ,3743.90 ,2142.00 ,437728,34403.00 
11-Oct-24,Friday,October,Q4,2024,EQ,3174.20 ,3190.00 ,3116.00 ,3174.20 ,3129.95 ,3137.20 ,3149.22 ,3743.90 ,2142.00 ,1035260,72560.00 
10-Oct-24,Thursday,October,Q4,2024,EQ,3140.00 ,3211.00 ,3056.10 ,3153.75 ,3194.80 ,3174.20 ,3120.45 ,3743.90 ,2142.00 ,2905725,"1,51,256"
09-Oct-24,Wednesday,October,Q4,2024,EQ,3175.00 ,3179.95 ,3134.40 ,3160.70 ,3152.40 ,3153.75 ,3155.44 ,3743.90 ,2142.00 ,897335,60904.00 
08-Oct-24,Tuesday,October,Q4,2024,EQ,3018.50 ,3170.00 ,2994.85 ,3018.00 ,3166.95 ,3160.70 ,3110.96 ,3743.90 ,2142.00 ,1776511,98514.00 
07-Oct-24,Monday,October,Q4,2024,EQ,3110.65 ,3128.50 ,2980.45 ,3110.65 ,3011.00 ,3018.00 ,3029.34 ,3743.90 ,2142.00 ,1743454,99490.00 
04-Oct-24,Friday,October,Q4,2024,EQ,3119.90 ,3149.50 ,3070.00 ,3116.00 ,3110.00 ,3110.65 ,3110.13 ,3743.90 ,2142.00 ,987583,58703.00 
03-Oct-24,Thursday,October,Q4,2024,EQ,3150.00 ,3196.35 ,3084.10 ,3186.10 ,3116.70 ,3116.00 ,3130.54 ,3743.90 ,2142.00 ,1309703,83884.00 
01-Oct-24,Tuesday,October,Q4,2024,EQ,3136.30 ,3192.00 ,3107.00 ,3135.85 ,3183.00 ,3186.10 ,3156.94 ,3743.90 ,2142.00 ,1367116,66641.00 
30-Sep-24,Monday,September,Q3,2024,EQ,3129.00 ,3209.90 ,3120.40 ,3130.30 ,3131.00 ,3135.85 ,3158.97 ,3743.90 ,2142.00 ,1607429,92240.00 
27-Sep-24,Friday,September,Q3,2024,EQ,3122.00 ,3179.00 ,3116.00 ,3122.65 ,3137.65 ,3130.30 ,3134.82 ,3743.90 ,2142.00 ,2297441,83714.00 
26-Sep-24,Thursday,September,Q3,2024,EQ,3085.00 ,3148.00 ,3085.00 ,3105.10 ,3115.00 ,3122.65 ,3117.31 ,3743.90 ,2142.00 ,1548019,83624.00 
25-Sep-24,Wednesday,September,Q3,2024,EQ,3108.00 ,3123.90 ,3080.20 ,3093.90 ,3101.05 ,3105.10 ,3100.01 ,3743.90 ,2142.00 ,913008,57019.00 
24-Sep-24,Tuesday,September,Q3,2024,EQ,3055.00 ,3101.00 ,3040.25 ,3043.95 ,3100.45 ,3093.90 ,3072.82 ,3743.90 ,2142.00 ,1021918,53383.00 
23-Sep-24,Monday,September,Q3,2024,EQ,3020.00 ,3070.00 ,3015.25 ,3008.50 ,3035.00 ,3043.95 ,3046.70 ,3743.90 ,2142.00 ,897314,66944.00 
20-Sep-24,Friday,September,Q3,2024,EQ,2948.15 ,3025.00 ,2942.05 ,2943.15 ,3005.80 ,3008.50 ,3000.83 ,3743.90 ,2142.00 ,1787210,76536.00 
19-Sep-24,Thursday,September,Q3,2024,EQ,2975.05 ,2975.25 ,2890.35 ,2956.30 ,2941.00 ,2943.15 ,2930.13 ,3743.90 ,2142.00 ,1655401,79202.00 
18-Sep-24,Wednesday,September,Q3,2024,EQ,2976.00 ,2984.75 ,2935.00 ,2975.20 ,2957.00 ,2956.30 ,2959.83 ,3743.90 ,2142.00 ,831891,37955.00 
17-Sep-24,Tuesday,September,Q3,2024,EQ,2990.05 ,2995.90 ,2952.50 ,2984.90 ,2975.00 ,2975.20 ,2971.05 ,3743.90 ,2142.00 ,698700,44150.00 
16-Sep-24,Monday,September,Q3,2024,EQ,2972.00 ,3026.40 ,2972.00 ,2968.35 ,2982.00 ,2984.90 ,3000.63 ,3743.90 ,2142.00 ,695162,44149.00 
13-Sep-24,Friday,September,Q3,2024,EQ,2972.00 ,3001.95 ,2956.05 ,2991.00 ,2965.35 ,2968.35 ,2974.23 ,3743.90 ,2142.00 ,815948,46440.00 
12-Sep-24,Thursday,September,Q3,2024,EQ,2950.00 ,3000.00 ,2917.15 ,2937.85 ,2980.90 ,2991.00 ,2962.52 ,3743.90 ,2142.00 ,1314173,89512.00 
11-Sep-24,Wednesday,September,Q3,2024,EQ,2985.00 ,2992.95 ,2928.00 ,2986.40 ,2940.00 ,2937.85 ,2958.05 ,3743.90 ,2142.00 ,888628,54027.00 
10-Sep-24,Tuesday,September,Q3,2024,EQ,2971.60 ,3007.40 ,2947.60 ,2964.15 ,2986.00 ,2986.40 ,2975.72 ,3743.90 ,2142.00 ,803782,55050.00 
09-Sep-24,Monday,September,Q3,2024,EQ,2972.10 ,2972.50 ,2927.30 ,2975.45 ,2968.00 ,2964.15 ,2953.73 ,3743.90 ,2142.00 ,1523581,75178.00 
06-Sep-24,Friday,September,Q3,2024,EQ,3019.00 ,3025.00 ,2968.00 ,3015.35 ,2972.10 ,2975.45 ,2990.04 ,3743.90 ,2142.00 ,1251165,75683.00 
05-Sep-24,Thursday,September,Q3,2024,EQ,3025.00 ,3037.90 ,3002.00 ,3012.35 ,3012.00 ,3015.35 ,3015.88 ,3743.90 ,2142.00 ,734273,45054.00 
04-Sep-24,Wednesday,September,Q3,2024,EQ,3010.00 ,3025.00 ,2955.20 ,3036.10 ,3013.50 ,3012.35 ,3005.91 ,3743.90 ,2142.00 ,1212270,51072.00 
03-Sep-24,Tuesday,September,Q3,2024,EQ,3037.00 ,3053.05 ,3023.80 ,3042.15 ,3035.95 ,3036.10 ,3036.89 ,3743.90 ,2142.00 ,1371577,43530.00 
02-Sep-24,Monday,September,Q3,2024,EQ,3021.10 ,3059.15 ,2997.60 ,3019.35 ,3039.00 ,3042.15 ,3025.26 ,3743.90 ,2142.00 ,1842658,73749.00 
30-Aug-24,Friday,August,Q3,2024,EQ,3030.00 ,3038.55 ,3003.30 ,3020.15 ,3033.00 ,3019.35 ,3019.69 ,3743.90 ,2142.00 ,3509174,77468.00 
29-Aug-24,Thursday,August,Q3,2024,EQ,3030.00 ,3041.95 ,2981.30 ,3028.00 ,3022.00 ,3020.15 ,3007.33 ,3743.90 ,2142.00 ,1853966,"1,00,949"
28-Aug-24,Wednesday,August,Q3,2024,EQ,3078.00 ,3078.00 ,3022.10 ,3067.10 ,3028.00 ,3028.00 ,3041.32 ,3743.90 ,2142.00 ,1569652,62349.00 
27-Aug-24,Tuesday,August,Q3,2024,EQ,3072.20 ,3095.75 ,3064.00 ,3069.00 ,3067.00 ,3067.10 ,3078.59 ,3743.90 ,2142.00 ,1310440,43632.00 
26-Aug-24,Monday,August,Q3,2024,EQ,3088.00 ,3090.00 ,3055.00 ,3076.35 ,3069.80 ,3069.00 ,3069.89 ,3743.90 ,2142.00 ,1632446,73150.00 
23-Aug-24,Friday,August,Q3,2024,EQ,3101.00 ,3123.00 ,3067.60 ,3099.05 ,3079.45 ,3076.35 ,3088.57 ,3743.90 ,2142.00 ,1375224,61780.00 
22-Aug-24,Thursday,August,Q3,2024,EQ,3130.75 ,3150.00 ,3091.00 ,3115.70 ,3099.55 ,3099.05 ,3122.80 ,3743.90 ,2142.00 ,1378912,53089.00 
21-Aug-24,Wednesday,August,Q3,2024,EQ,3070.65 ,3153.30 ,3068.40 ,3070.65 ,3117.00 ,3115.70 ,3110.53 ,3743.90 ,2142.00 ,1379240,56394.00 
20-Aug-24,Tuesday,August,Q3,2024,EQ,3118.95 ,3126.00 ,3058.85 ,3102.55 ,3071.00 ,3070.65 ,3084.66 ,3743.90 ,2142.00 ,662263,42615.00 
19-Aug-24,Monday,August,Q3,2024,EQ,3122.05 ,3134.30 ,3092.95 ,3108.80 ,3107.00 ,3102.55 ,3113.97 ,3743.90 ,2142.00 ,557265,35313.00 
16-Aug-24,Friday,August,Q3,2024,EQ,3070.00 ,3121.60 ,3039.35 ,3040.10 ,3109.00 ,3108.80 ,3079.35 ,3743.90 ,2142.00 ,970067,54922.00 
14-Aug-24,Wednesday,August,Q3,2024,EQ,3085.70 ,3085.70 ,3027.75 ,3092.20 ,3036.25 ,3040.10 ,3051.52 ,3743.90 ,2142.00 ,1232383,70048.00 
13-Aug-24,Tuesday,August,Q3,2024,EQ,3170.05 ,3178.10 ,3081.75 ,3151.75 ,3085.70 ,3092.20 ,3120.80 ,3743.90 ,2142.00 ,2192588,89159.00 
12-Aug-24,Monday,August,Q3,2024,EQ,3100.00 ,3169.85 ,3014.00 ,3187.55 ,3140.90 ,3151.75 ,3101.13 ,3743.90 ,2142.00 ,10307245,"3,68,244"
09-Aug-24,Friday,August,Q3,2024,EQ,3209.00 ,3219.30 ,3171.05 ,3167.55 ,3186.50 ,3187.55 ,3193.28 ,3743.90 ,2142.00 ,760165,43358.00 
08-Aug-24,Thursday,August,Q3,2024,EQ,3190.55 ,3242.65 ,3156.55 ,3185.95 ,3172.55 ,3167.55 ,3194.74 ,3743.90 ,2142.00 ,2139376,"1,07,274"
07-Aug-24,Wednesday,August,Q3,2024,EQ,3118.00 ,3190.00 ,3112.00 ,3072.70 ,3186.45 ,3185.95 ,3163.01 ,3743.90 ,2142.00 ,1868169,74727.00 
06-Aug-24,Tuesday,August,Q3,2024,EQ,3084.00 ,3142.80 ,3057.25 ,3038.20 ,3078.25 ,3072.70 ,3108.00 ,3743.90 ,2142.00 ,2125201,"1,24,189"
05-Aug-24,Monday,August,Q3,2024,EQ,3085.00 ,3133.05 ,2996.30 ,3160.90 ,3024.00 ,3038.20 ,3062.45 ,3743.90 ,2142.00 ,2238921,"1,39,819"
02-Aug-24,Friday,August,Q3,2024,EQ,3200.00 ,3215.00 ,3111.00 ,3217.25 ,3161.40 ,3160.90 ,3174.06 ,3743.90 ,2142.00 ,3360209,"1,49,926"
01-Aug-24,Thursday,August,Q3,2024,EQ,3180.00 ,3258.00 ,3151.70 ,3169.40 ,3225.10 ,3217.25 ,3212.46 ,3743.90 ,2142.00 ,6149883,"2,34,840"
31-Jul-24,Wednesday,July,Q3,2024,EQ,3141.00 ,3197.50 ,3135.00 ,3128.75 ,3168.00 ,3169.40 ,3171.25 ,3743.90 ,2142.00 ,2414005,"1,13,298"
30-Jul-24,Tuesday,July,Q3,2024,EQ,3092.00 ,3155.00 ,3066.65 ,3089.35 ,3133.00 ,3128.75 ,3120.89 ,3743.90 ,2142.00 ,1647048,98232.00 
29-Jul-24,Monday,July,Q3,2024,EQ,3094.30 ,3120.35 ,3074.00 ,3080.50 ,3088.40 ,3089.35 ,3097.85 ,3743.90 ,2142.00 ,1037474,68832.00 
26-Jul-24,Friday,July,Q3,2024,EQ,2995.00 ,3109.00 ,2988.10 ,2973.50 ,3072.25 ,3080.50 ,3066.52 ,3743.90 ,2142.00 ,1942427,"1,11,808"
25-Jul-24,Thursday,July,Q3,2024,EQ,2960.70 ,3017.65 ,2945.10 ,2970.70 ,2995.00 ,2973.50 ,2980.02 ,3743.90 ,2142.00 ,1105721,75405.00 
24-Jul-24,Wednesday,July,Q3,2024,EQ,2995.35 ,3007.50 ,2959.30 ,2995.35 ,2968.80 ,2970.70 ,2980.98 ,3743.90 ,2142.00 ,693702,54185.00 
23-Jul-24,Tuesday,July,Q3,2024,EQ,3020.00 ,3038.00 ,2886.35 ,3000.85 ,2999.40 ,2995.35 ,2989.95 ,3743.90 ,2142.00 ,1443331,"1,03,491"
22-Jul-24,Monday,July,Q3,2024,EQ,3005.70 ,3026.90 ,2972.15 ,3005.70 ,3000.00 ,3000.85 ,3002.66 ,3743.90 ,2142.00 ,662085,50675.00 
19-Jul-24,Friday,July,Q3,2024,EQ,3092.00 ,3094.50 ,3000.00 ,3092.20 ,3007.95 ,3005.70 ,3033.24 ,3743.90 ,2142.00 ,1026941,68966.00 
18-Jul-24,Thursday,July,Q3,2024,EQ,3106.00 ,3111.00 ,3057.15 ,3109.30 ,3090.00 ,3092.20 ,3083.68 ,3743.90 ,2142.00 ,1021653,80772.00 
16-Jul-24,Tuesday,July,Q3,2024,EQ,3110.00 ,3137.75 ,3096.10 ,3090.40 ,3106.50 ,3109.30 ,3115.88 ,3743.90 ,2142.00 ,988357,60074.00 
15-Jul-24,Monday,July,Q3,2024,EQ,3066.10 ,3103.50 ,3058.35 ,3065.45 ,3091.00 ,3090.40 ,3081.16 ,3743.90 ,2142.00 ,724174,44784.00 
12-Jul-24,Friday,July,Q3,2024,EQ,3090.00 ,3098.80 ,3058.35 ,3078.30 ,3066.00 ,3065.45 ,3075.05 ,3743.90 ,2142.00 ,756036,51794.00 
11-Jul-24,Thursday,July,Q3,2024,EQ,3118.70 ,3129.80 ,3074.10 ,3096.00 ,3087.00 ,3078.30 ,3097.76 ,3743.90 ,2142.00 ,899781,85332.00 
10-Jul-24,Wednesday,July,Q3,2024,EQ,3120.10 ,3127.25 ,3063.40 ,3110.75 ,3093.90 ,3096.00 ,3097.88 ,3743.90 ,2142.00 ,586710,44240.00 
09-Jul-24,Tuesday,July,Q3,2024,EQ,3115.95 ,3158.00 ,3100.50 ,3113.60 ,3112.00 ,3110.75 ,3125.40 ,3743.90 ,2142.00 ,922403,57330.00 
08-Jul-24,Monday,July,Q3,2024,EQ,3147.90 ,3158.20 ,3075.00 ,3147.90 ,3112.00 ,3113.60 ,3104.41 ,3743.90 ,2142.00 ,1155112,84099.00 
05-Jul-24,Friday,July,Q3,2024,EQ,3143.90 ,3158.55 ,3123.95 ,3144.25 ,3146.15 ,3147.90 ,3143.96 ,3743.90 ,2142.00 ,663988,42349.00 
04-Jul-24,Thursday,July,Q3,2024,EQ,3192.00 ,3194.45 ,3138.05 ,3190.95 ,3143.90 ,3144.25 ,3156.24 ,3743.90 ,2142.00 ,1055391,72430.00 
03-Jul-24,Wednesday,July,Q3,2024,EQ,3158.00 ,3194.55 ,3147.75 ,3153.20 ,3185.00 ,3190.95 ,3170.61 ,3743.90 ,2142.00 ,1152522,56436.00 
02-Jul-24,Tuesday,July,Q3,2024,EQ,3179.85 ,3207.80 ,3131.05 ,3183.80 ,3150.00 ,3153.20 ,3169.46 ,3743.90 ,2142.00 ,1490844,93900.00 
01-Jul-24,Monday,July,Q3,2024,EQ,3179.95 ,3193.15 ,3157.55 ,3177.15 ,3180.00 ,3183.80 ,3175.58 ,3743.90 ,2142.00 ,832170,54965.00 
28-Jun-24,Friday,June,Q2,2024,EQ,3190.00 ,3211.95 ,3157.00 ,3175.15 ,3174.00 ,3177.15 ,3184.74 ,3743.90 ,2142.00 ,960905,51717.00 
27-Jun-24,Thursday,June,Q2,2024,EQ,3177.00 ,3202.25 ,3150.00 ,3170.50 ,3175.00 ,3175.15 ,3170.85 ,3743.90 ,2142.00 ,5114980,"1,53,131"
26-Jun-24,Wednesday,June,Q2,2024,EQ,3169.05 ,3187.70 ,3163.90 ,3171.10 ,3169.00 ,3170.50 ,3174.21 ,3743.90 ,2142.00 ,2142889,58917.00 
25-Jun-24,Tuesday,June,Q2,2024,EQ,3204.75 ,3208.45 ,3156.35 ,3194.60 ,3169.05 ,3171.10 ,3175.93 ,3743.90 ,2142.00 ,1694962,58570.00 
24-Jun-24,Monday,June,Q2,2024,EQ,3185.75 ,3214.80 ,3135.00 ,3189.30 ,3193.95 ,3194.60 ,3191.57 ,3743.90 ,2142.00 ,3261647,"1,07,805"
21-Jun-24,Friday,June,Q2,2024,EQ,3265.05 ,3277.10 ,3176.40 ,3259.45 ,3192.80 ,3189.30 ,3205.27 ,3743.90 ,2142.00 ,4697655,"1,60,462"
20-Jun-24,Thursday,June,Q2,2024,EQ,3263.90 ,3315.00 ,3240.00 ,3261.90 ,3261.95 ,3259.45 ,3279.03 ,3743.90 ,2142.00 ,1366545,97561.00 
19-Jun-24,Wednesday,June,Q2,2024,EQ,3314.00 ,3314.00 ,3226.30 ,3309.05 ,3264.25 ,3261.90 ,3259.86 ,3743.90 ,2142.00 ,1419264,84944.00 
18-Jun-24,Tuesday,June,Q2,2024,EQ,3310.00 ,3345.00 ,3287.20 ,3261.75 ,3310.95 ,3309.05 ,3311.54 ,3743.90 ,2142.00 ,1755612,"1,07,419"
14-Jun-24,Friday,June,Q2,2024,EQ,3225.00 ,3275.00 ,3221.10 ,3224.80 ,3269.00 ,3261.75 ,3252.79 ,3743.90 ,2142.00 ,4224855,98091.00 
13-Jun-24,Thursday,June,Q2,2024,EQ,3230.00 ,3254.00 ,3207.25 ,3219.05 ,3222.25 ,3224.80 ,3221.11 ,3743.90 ,2142.00 ,3202978,96083.00 
12-Jun-24,Wednesday,June,Q2,2024,EQ,3224.90 ,3245.00 ,3208.00 ,3221.25 ,3209.00 ,3219.05 ,3226.61 ,3743.90 ,2142.00 ,3022477,74328.00 
11-Jun-24,Tuesday,June,Q2,2024,EQ,3224.00 ,3265.00 ,3195.05 ,3220.10 ,3215.00 ,3221.25 ,3235.16 ,3743.90 ,2142.00 ,4173692,"1,21,200"
10-Jun-24,Monday,June,Q2,2024,EQ,3267.00 ,3284.40 ,3205.50 ,3219.55 ,3212.30 ,3220.10 ,3247.80 ,3743.90 ,2142.00 ,4935698,"1,52,562"
07-Jun-24,Friday,June,Q2,2024,EQ,3170.40 ,3233.75 ,3151.60 ,3185.65 ,3222.50 ,3219.55 ,3207.35 ,3743.90 ,2142.00 ,4740455,"1,46,457"
06-Jun-24,Thursday,June,Q2,2024,EQ,3184.00 ,3222.40 ,3137.15 ,3115.35 ,3181.60 ,3185.65 ,3186.26 ,3743.90 ,2142.00 ,5873271,"2,78,600"
05-Jun-24,Wednesday,June,Q2,2024,EQ,3030.00 ,3150.00 ,2750.00 ,2941.25 ,3093.00 ,3115.35 ,2958.33 ,3743.90 ,2142.00 ,8778345,"6,12,958"
04-Jun-24,Tuesday,June,Q2,2024,EQ,3520.00 ,3520.00 ,2733.95 ,3645.25 ,2950.00 ,2941.25 ,3136.46 ,3743.90 ,2142.00 ,20306909,"8,48,267"
03-Jun-24,Monday,June,Q2,2024,EQ,3725.00 ,3743.90 ,3586.05 ,3411.35 ,3660.10 ,3645.25 ,3659.12 ,3743.90 ,2142.00 ,8511359,"4,14,787"
31-May-24,Friday,May,Q2,2024,EQ,3225.25 ,3434.45 ,3225.25 ,3194.25 ,3416.00 ,3411.35 ,3359.45 ,3457.85 ,2142.00 ,6384589,"2,90,001"
30-May-24,Thursday,May,Q2,2024,EQ,3254.00 ,3274.30 ,3174.50 ,3258.80 ,3209.90 ,3194.25 ,3219.99 ,3457.85 ,2142.00 ,1990208,"1,12,565"
29-May-24,Wednesday,May,Q2,2024,EQ,3250.00 ,3322.90 ,3212.00 ,3244.05 ,3255.00 ,3258.80 ,3270.30 ,3457.85 ,2142.00 ,1910729,98310.00 
28-May-24,Tuesday,May,Q2,2024,EQ,3309.65 ,3329.50 ,3229.05 ,3289.05 ,3239.00 ,3244.05 ,3282.72 ,3457.85 ,2142.00 ,1621168,95508.00 
27-May-24,Monday,May,Q2,2024,EQ,3358.00 ,3358.00 ,3267.05 ,3384.95 ,3295.05 ,3289.05 ,3307.40 ,3457.85 ,2142.00 ,2582485,"1,40,021"
24-May-24,Friday,May,Q2,2024,EQ,3406.00 ,3457.85 ,3355.60 ,3387.30 ,3381.00 ,3384.95 ,3409.34 ,3457.85 ,1983.40 ,3473668,"1,79,402"
23-May-24,Thursday,May,Q2,2024,EQ,3156.70 ,3406.00 ,3135.55 ,3140.95 ,3398.20 ,3387.30 ,3302.83 ,3406.00 ,1983.40 ,6979082,"3,27,015"
22-May-24,Wednesday,May,Q2,2024,EQ,3129.95 ,3145.00 ,3073.50 ,3117.50 ,3137.00 ,3140.95 ,3121.08 ,3350.00 ,1983.40 ,3371077,95242.00 
21-May-24,Tuesday,May,Q2,2024,EQ,3067.90 ,3175.00 ,3034.50 ,3059.75 ,3110.00 ,3117.50 ,3123.72 ,3350.00 ,1983.40 ,3091659,"1,35,865"
18-May-24,Saturday,May,Q2,2024,EQ,3074.00 ,3074.00 ,3055.00 ,3060.50 ,3061.00 ,3059.75 ,3064.28 ,3350.00 ,1857.75 ,74336,5248.00 
17-May-24,Friday,May,Q2,2024,EQ,3041.05 ,3091.00 ,3015.50 ,3041.65 ,3057.00 ,3060.50 ,3053.08 ,3350.00 ,1857.75 ,825436,74283.00 
16-May-24,Thursday,May,Q2,2024,EQ,3065.00 ,3076.95 ,2974.95 ,3049.75 ,3034.05 ,3041.65 ,3022.05 ,3350.00 ,1857.75 ,1835312,"1,44,012"
15-May-24,Wednesday,May,Q2,2024,EQ,3046.75 ,3118.85 ,3037.60 ,3037.55 ,3047.00 ,3049.75 ,3074.65 ,3350.00 ,1857.75 ,1688836,93983.00 
14-May-24,Tuesday,May,Q2,2024,EQ,2894.95 ,3046.00 ,2874.55 ,2879.60 ,3035.00 ,3037.55 ,2995.85 ,3350.00 ,1857.75 ,5725807,"1,96,967"
13-May-24,Monday,May,Q2,2024,EQ,2803.00 ,2890.00 ,2790.50 ,2797.25 ,2888.85 ,2879.60 ,2839.27 ,3350.00 ,1857.75 ,3784373,"1,15,926"
10-May-24,Friday,May,Q2,2024,EQ,2794.95 ,2809.00 ,2760.45 ,2766.65 ,2803.90 ,2797.25 ,2791.48 ,3350.00 ,1857.75 ,2354794,79999.00 
09-May-24,Thursday,May,Q2,2024,EQ,2864.80 ,2883.65 ,2756.00 ,2860.55 ,2765.00 ,2766.65 ,2814.22 ,3350.00 ,1857.75 ,1485510,"1,16,557"
08-May-24,Wednesday,May,Q2,2024,EQ,2850.00 ,2890.90 ,2820.00 ,2835.95 ,2862.00 ,2860.55 ,2860.65 ,3350.00 ,1857.75 ,951411,57225.00 
07-May-24,Tuesday,May,Q2,2024,EQ,2889.95 ,2905.35 ,2822.00 ,2874.65 ,2839.00 ,2835.95 ,2857.91 ,3350.00 ,1857.75 ,1262311,73865.00 
06-May-24,Monday,May,Q2,2024,EQ,2993.25 ,3000.20 ,2850.00 ,2993.25 ,2872.00 ,2874.65 ,2890.39 ,3350.00 ,1857.75 ,2377944,"1,26,554"
03-May-24,Friday,May,Q2,2024,EQ,3030.00 ,3045.00 ,2975.10 ,3039.60 ,2990.00 ,2993.25 ,3007.11 ,3350.00 ,1785.35 ,1472168,93663.00 
02-May-24,Thursday,May,Q2,2024,EQ,3071.95 ,3119.85 ,3015.05 ,3054.70 ,3029.00 ,3039.60 ,3065.29 ,3350.00 ,1785.35 ,2219085,"1,69,345"
30-Apr-24,Tuesday,April,Q2,2024,EQ,3094.00 ,3108.45 ,3045.00 ,3081.20 ,3052.50 ,3054.70 ,3074.15 ,3350.00 ,1785.35 ,804552,50263.00 
29-Apr-24,Monday,April,Q2,2024,EQ,3110.00 ,3110.50 ,3051.50 ,3080.40 ,3080.00 ,3081.20 ,3079.00 ,3350.00 ,1785.35 ,648544,51392.00 
26-Apr-24,Friday,April,Q2,2024,EQ,3119.90 ,3129.90 ,3066.05 ,3115.25 ,3089.00 ,3080.40 ,3090.20 ,3350.00 ,1775.80 ,662764,51695.00 
25-Apr-24,Thursday,April,Q2,2024,EQ,3050.00 ,3120.90 ,3025.65 ,3043.55 ,3115.00 ,3115.25 ,3078.50 ,3350.00 ,1775.80 ,1515529,"1,03,832"
24-Apr-24,Wednesday,April,Q2,2024,EQ,3071.95 ,3087.85 ,3040.00 ,3065.10 ,3042.90 ,3043.55 ,3066.42 ,3350.00 ,1775.80 ,605917,36665.00 
23-Apr-24,Tuesday,April,Q2,2024,EQ,3059.00 ,3091.00 ,3043.10 ,3063.35 ,3058.00 ,3065.10 ,3066.74 ,3350.00 ,1775.80 ,1654272,61219.00 
22-Apr-24,Monday,April,Q2,2024,EQ,3053.00 ,3077.50 ,3025.00 ,3026.95 ,3072.25 ,3063.35 ,3050.24 ,3350.00 ,1775.80 ,993929,51253.00 
19-Apr-24,Friday,April,Q2,2024,EQ,3000.00 ,3057.05 ,2962.50 ,3019.30 ,3032.00 ,3026.95 ,3020.56 ,3350.00 ,1775.80 ,1727317,91721.00 
18-Apr-24,Thursday,April,Q2,2024,EQ,3125.15 ,3145.00 ,3008.30 ,3106.40 ,3035.00 ,3019.30 ,3095.25 ,3350.00 ,1775.80 ,1703646,"1,06,820"
16-Apr-24,Tuesday,April,Q2,2024,EQ,3101.00 ,3149.20 ,3100.00 ,3147.45 ,3108.00 ,3106.40 ,3119.45 ,3350.00 ,1775.80 ,1134184,48602.00 
15-Apr-24,Monday,April,Q2,2024,EQ,3150.00 ,3180.30 ,3103.20 ,3209.90 ,3149.95 ,3147.45 ,3143.46 ,3350.00 ,1775.80 ,1035378,73457.00 
12-Apr-24,Friday,April,Q2,2024,EQ,3210.00 ,3247.50 ,3205.30 ,3242.00 ,3215.00 ,3209.90 ,3221.01 ,3350.00 ,1760.60 ,705173,40387.00 
10-Apr-24,Wednesday,April,Q2,2024,EQ,3200.00 ,3254.60 ,3192.50 ,3198.45 ,3245.00 ,3242.00 ,3231.43 ,3350.00 ,1760.60 ,1441138,55670.00 
09-Apr-24,Tuesday,April,Q2,2024,EQ,3240.70 ,3251.00 ,3185.00 ,3224.55 ,3202.60 ,3198.45 ,3214.28 ,3350.00 ,1760.60 ,833679,38430.00 
08-Apr-24,Monday,April,Q2,2024,EQ,3240.95 ,3243.50 ,3197.20 ,3224.80 ,3236.00 ,3224.55 ,3216.90 ,3350.00 ,1760.60 ,577440,37073.00 
05-Apr-24,Friday,April,Q2,2024,EQ,3211.10 ,3234.00 ,3178.95 ,3210.80 ,3217.90 ,3224.80 ,3215.34 ,3350.00 ,1671.55 ,755607,37497.00 
04-Apr-24,Thursday,April,Q2,2024,EQ,3250.00 ,3273.00 ,3201.70 ,3233.45 ,3220.00 ,3210.80 ,3234.57 ,3350.00 ,1671.55 ,1403826,99323.00 
03-Apr-24,Wednesday,April,Q2,2024,EQ,3250.00 ,3260.15 ,3222.00 ,3268.75 ,3238.00 ,3233.45 ,3238.76 ,3350.00 ,1671.55 ,1153109,55622.00 
02-Apr-24,Tuesday,April,Q2,2024,EQ,3258.95 ,3285.00 ,3240.00 ,3252.10 ,3267.35 ,3268.75 ,3259.76 ,3350.00 ,1671.55 ,868829,55071.00 
01-Apr-24,Monday,April,Q2,2024,EQ,3230.20 ,3291.80 ,3207.85 ,3197.10 ,3255.20 ,3252.10 ,3247.41 ,3350.00 ,1671.55 ,1292646,71000.00 
